<?xml version="1.0" encoding="UTF-8"?>
<gmi:MI_Metadata xmlns:gco="http://www.isotc211.org/2005/gco"
    xmlns:gmd="http://www.isotc211.org/2005/gmd"
    xmlns:gmi="http://www.isotc211.org/2005/gmi"
    xmlns:gml="http://www.opengis.net/gml/3.2"
    xmlns:gmx="http://www.isotc211.org/2005/gmx"
    xmlns:gsr="http://www.isotc211.org/2005/gsr"
    xmlns:gss="http://www.isotc211.org/2005/gss"
    xmlns:gts="http://www.isotc211.org/2005/gts"
    xmlns:srv="http://www.isotc211.org/2005/srv"
    xmlns:xlink="http://www.w3.org/1999/xlink"
    xmlns:xs="http://www.w3.org/2001/XMLSchema"
    xmlns:xsi="http://www.w3.org/2001/XMLSchema-instance" xsi:schemaLocation="http://www.isotc211.org/2005/gmi http://www.ngdc.noaa.gov/metadata/published/xsd/schema.xsd">
    <gmd:fileIdentifier>
        <gco:CharacterString>45013</gco:CharacterString>
    </gmd:fileIdentifier>
    <gmd:contact>
        <gmd:CI_ResponsibleParty>
            <gmd:individualName>
                <gco:CharacterString>GLOS DMAC</gco:CharacterString>
            </gmd:individualName>
            <gmd:organisationName>
                <gco:CharacterString>Great Lakes Observing System</gco:CharacterString>
            </gmd:organisationName>
            <gmd:contactInfo>
                <gmd:CI_Contact>
                    <gmd:phone>
                        <gmd:CI_Telephone>
                            <gmd:voice>
                                <gco:CharacterString>(734) 332-6113</gco:CharacterString>
                            </gmd:voice>
                        </gmd:CI_Telephone>
                    </gmd:phone>
                    <gmd:address>
                        <gmd:CI_Address>
                            <gmd:deliveryPoint>
                                <gco:CharacterString>229 Nickels Arcade</gco:CharacterString>
                            </gmd:deliveryPoint>
                            <gmd:city>
                                <gco:CharacterString>Ann Arbor</gco:CharacterString>
                            </gmd:city>
                            <gmd:administrativeArea>
                                <gco:CharacterString>Michigan</gco:CharacterString>
                            </gmd:administrativeArea>
                            <gmd:postalCode>
                                <gco:CharacterString>48104</gco:CharacterString>
                            </gmd:postalCode>
                            <gmd:electronicMailAddress>
                                <gco:CharacterString>dmac@glos.us</gco:CharacterString>
                            </gmd:electronicMailAddress>
                        </gmd:CI_Address>
                    </gmd:address>
                    <gmd:onlineResource>
                        <gmd:CI_OnlineResource id="glos_url">
                            <gmd:linkage>
                                <gmd:URL>http://glos.us</gmd:URL>
                            </gmd:linkage>
                        </gmd:CI_OnlineResource>
                    </gmd:onlineResource>
                </gmd:CI_Contact>
            </gmd:contactInfo>
            <gmd:role>
                <gmd:CI_RoleCode
                    codeList="http://www.ngdc.noaa.gov/metadata/published/xsd/schema/resources/CodeList/gmxCodelists.xml#CI_RoleCode" codeListValue="distributor">distributor</gmd:CI_RoleCode>
            </gmd:role>
        </gmd:CI_ResponsibleParty>
    </gmd:contact>
    <gmd:contact>
        <gmd:CI_ResponsibleParty>
            <gmd:individualName gco:nilReason="missing"/>
            <gmd:organisationName>
                <gco:CharacterString>University of Wisconsin-Milwaukee</gco:CharacterString>
            </gmd:organisationName>
            <gmd:contactInfo>
                <gmd:CI_Contact>
                    <gmd:phone>
                        <gmd:CI_Telephone>
                            <gmd:voice>
                                <gco:CharacterString>(218) 726-8773</gco:CharacterString>
                            </gmd:voice>
                        </gmd:CI_Telephone>
                    </gmd:phone>
                    <gmd:address>
                        <gmd:CI_Address>
                            <gmd:deliveryPoint>
                                <gco:CharacterString>University of Wisconsin-Milwaukee</gco:CharacterString>
                            </gmd:deliveryPoint>
                            <gmd:city>
                                <gco:CharacterString>Milwaukee</gco:CharacterString>
                            </gmd:city>
                            <gmd:administrativeArea>
                                <gco:CharacterString>WI</gco:CharacterString>
                            </gmd:administrativeArea>
                            <gmd:postalCode>
                                <gco:CharacterString>53201</gco:CharacterString>
                            </gmd:postalCode>
                            <gmd:electronicMailAddress>
                                <gco:CharacterString></gco:CharacterString>
                            </gmd:electronicMailAddress>
                        </gmd:CI_Address>
                    </gmd:address>
                    <gmd:onlineResource>
                        <gmd:CI_OnlineResource id="ndbc_url">
                            <gmd:linkage>
                                <gmd:URL>http://www.ndbc.noaa.gov/</gmd:URL>
                            </gmd:linkage>
                        </gmd:CI_OnlineResource>
                    </gmd:onlineResource>
                </gmd:CI_Contact>
            </gmd:contactInfo>
            <gmd:role>
                <gmd:CI_RoleCode
                    codeList="http://www.ngdc.noaa.gov/metadata/published/xsd/schema/resources/Codelist/gmxCodelists.xml#CI_RoleCode" codeListValue="pointOfContact">pointOfContact</gmd:CI_RoleCode>
            </gmd:role>
        </gmd:CI_ResponsibleParty>
    </gmd:contact>
    <gmd:dateStamp>
        <gco:Date>2012-12-13</gco:Date>
    </gmd:dateStamp>
    <gmd:metadataStandardName>
        <gco:CharacterString>ISO 19115-2 Geographic Information - Metadata Part 2 Extensions for imagery and gridded data</gco:CharacterString>
    </gmd:metadataStandardName>
    <gmd:metadataStandardVersion>
        <gco:CharacterString>ISO 19115-2:2009(E)</gco:CharacterString>
    </gmd:metadataStandardVersion>
    <gmd:identificationInfo>
        <gmd:MD_DataIdentification>
            <gmd:citation>
                <gmd:CI_Citation>
                    <gmd:title>
                        <gco:CharacterString>UWM ATW20 45014, Atwater Park</gco:CharacterString>
                    </gmd:title>
                    <gmd:date>
                        <gmd:CI_Date>
                            <gmd:date>
                                <gco:DateTime>2012-07-26T20:30:00.000Z</gco:DateTime>
                            </gmd:date>
                            <gmd:dateType gco:nilReason="unknown"/>
                        </gmd:CI_Date>
                    </gmd:date>
                </gmd:CI_Citation>
            </gmd:citation>
            <gmd:abstract>
                <gco:CharacterString>The ATW20 buoy is located approximately 2 km offshore of Milwaukee's Atwater Beach in Lake Michigan, and a two-point mooring system secures the buoy over sand and rock substrate in 20 m of water. The CB-1500 coastal data buoy is equipped with solar-powered water quality and meteorological sensors that collect data every 30 min, as well as a cellular modem for real-time data communication.</gco:CharacterString>
            </gmd:abstract>
            <gmd:descriptiveKeywords>
                <gmd:MD_Keywords>
                    <gmd:keyword>
                        <gco:CharacterString>air_temperature</gco:CharacterString>
                    </gmd:keyword>
                    <gmd:keyword>
                        <gco:CharacterString>air_pressure_at_sea_level</gco:CharacterString>
                    </gmd:keyword>
                    <gmd:keyword>
                      <gco:CharacterString>relative_humidity</gco:CharacterString>
                    </gmd:keyword>
                    <gmd:keyword>
                      <gco:CharacterString>sea_surface_wave_significant_height</gco:CharacterString>
                    </gmd:keyword>
                    <gmd:keyword>
                      <gco:CharacterString>sea_surface_wind_wave_period</gco:CharacterString>
                    </gmd:keyword>
                    <gmd:keyword>
                      <gco:CharacterString>wind_speed</gco:CharacterString>
                    </gmd:keyword>
                    <gmd:keyword>
                      <gco:CharacterString>wind_from_direction</gco:CharacterString>
                    </gmd:keyword>
                    <gmd:keyword>
                      <gco:CharacterString>wind_speed_of_gust</gco:CharacterString>
                    </gmd:keyword>
                    <gmd:keyword>
                      <gco:CharacterString>sea_water_temperature</gco:CharacterString>
                    </gmd:keyword>
                    
                </gmd:MD_Keywords>
            </gmd:descriptiveKeywords>
            <gmd:language>
                <gco:CharacterString>eng</gco:CharacterString>
            </gmd:language>
            <gmd:topicCategory>
                <gmd:MD_TopicCategoryCode>inlandWaters</gmd:MD_TopicCategoryCode>
            </gmd:topicCategory>
            <gmd:extent>
                <gmd:EX_Extent>
                    <gmd:geographicElement>
                        <gmd:EX_GeographicBoundingBox>
                            <gmd:extentTypeCode>
                                <gco:Boolean>1</gco:Boolean>
                            </gmd:extentTypeCode>
                            <gmd:westBoundLongitude>
                                <gco:Decimal>-87.850</gco:Decimal>
                            </gmd:westBoundLongitude>
                            <gmd:eastBoundLongitude>
                                <gco:Decimal>-87.850</gco:Decimal>
                            </gmd:eastBoundLongitude>
                            <gmd:southBoundLatitude>
                                <gco:Decimal>43.098</gco:Decimal>
                            </gmd:southBoundLatitude>
                            <gmd:northBoundLatitude>
                                <gco:Decimal>43.098</gco:Decimal>
                            </gmd:northBoundLatitude>
                        </gmd:EX_GeographicBoundingBox>
                    </gmd:geographicElement>
                    <gmd:temporalElement>
                        <gmd:EX_TemporalExtent>
                            <gmd:extent>
                                <gml:TimePeriod id="45013">
                                    <gml:beginPosition>2012-07-26T20:30:00.000Z</gml:beginPosition>
                                    <gml:endPosition indeterminatePosition="now"/>
                                </gml:TimePeriod>
                            </gmd:extent>
                        </gmd:EX_TemporalExtent>
                    </gmd:temporalElement>
                    <gmd:verticalElement>
                        <gmd:EX_VerticalExtent>
                            <gmd:minimumValue>
                                <gco:Real>0.0</gco:Real>
                            </gmd:minimumValue>
                            <gmd:maximumValue>
                                <gco:Real>19.0</gco:Real>
                            </gmd:maximumValue>
                            <gmd:verticalCRS gco:nilReason="missing"/>
                        </gmd:EX_VerticalExtent>
                    </gmd:verticalElement>
                </gmd:EX_Extent>
            </gmd:extent>
        </gmd:MD_DataIdentification>
    </gmd:identificationInfo>
    <gmd:identificationInfo>
        <srv:SV_ServiceIdentification id="45013">
            <gmd:citation>
                <gmd:CI_Citation>
                    <gmd:title>
                        <gco:CharacterString>Great Lakes Observing System SOS</gco:CharacterString>
                    </gmd:title>
                    <gmd:date>
                        <gmd:CI_Date>
                            <gmd:date gco:nilReason="unknown"/>
                            <gmd:dateType gco:nilReason="unknown"/>
                        </gmd:CI_Date>
                    </gmd:date>
                    <gmd:citedResponsibleParty>
                        <gmd:CI_ResponsibleParty>
                            <gmd:individualName gco:nilReason="missing"/>
                            <gmd:organisationName>
                                <gco:CharacterString>Great Lakes Observing System</gco:CharacterString>
                            </gmd:organisationName>
                            <gmd:contactInfo gco:nilReason="missing"/>
                            <gmd:role>
                                <gmd:CI_RoleCode
                                    codeList="http://www.ngdc.noaa.gov/metadata/published/xsd/schema/resources/CodeList/gmxCodelists.xml#CI_RoleCode" codeListValue="distributor">distributor</gmd:CI_RoleCode>
                            </gmd:role>
                        </gmd:CI_ResponsibleParty>
                    </gmd:citedResponsibleParty>
                </gmd:CI_Citation>
            </gmd:citation>
            <gmd:abstract>
                <gco:CharacterString>The ATW20 buoy is located approximately 2 km offshore of Milwaukee's Atwater Beach in Lake Michigan, and a two-point mooring system secures the buoy over sand and rock substrate in 20 m of water. The CB-1500 coastal data buoy is equipped with solar-powered water quality and meteorological sensors that collect data every 30 min, as well as a cellular modem for real-time data communication.</gco:CharacterString>
            </gmd:abstract>
            <srv:serviceType>
                <gco:LocalName>Great Lakes Observing System</gco:LocalName>
            </srv:serviceType>
            <srv:extent>
                <gmd:EX_Extent>
                    <gmd:geographicElement>
                        <gmd:EX_GeographicBoundingBox>
                            <gmd:extentTypeCode>
                                <gco:Boolean>1</gco:Boolean>
                            </gmd:extentTypeCode>
                            <gmd:westBoundLongitude>
                                <gco:Decimal>-87.850</gco:Decimal>
                            </gmd:westBoundLongitude>
                            <gmd:eastBoundLongitude>
                                <gco:Decimal>-87.850</gco:Decimal>
                            </gmd:eastBoundLongitude>
                            <gmd:southBoundLatitude>
                                <gco:Decimal>43.098</gco:Decimal>
                            </gmd:southBoundLatitude>
                            <gmd:northBoundLatitude>
                                <gco:Decimal>43.098</gco:Decimal>
                            </gmd:northBoundLatitude>
                        </gmd:EX_GeographicBoundingBox>
                    </gmd:geographicElement>
                    <gmd:temporalElement>
                        <gmd:EX_TemporalExtent>
                            <gmd:extent>
                                <gml:TimePeriod id="45013">
                                    <gml:beginPosition>2011-05-23T00:10:00.000Z</gml:beginPosition>
                                    <gml:endPosition indeterminatePosition="now"/>
                                </gml:TimePeriod>
                            </gmd:extent>
                        </gmd:EX_TemporalExtent>
                    </gmd:temporalElement>
                    <gmd:verticalElement>
                        <gmd:EX_VerticalExtent>
                            <gmd:minimumValue>
                                <gco:Real>0.0</gco:Real>
                            </gmd:minimumValue>
                            <gmd:maximumValue>
                                <gco:Real>19.0</gco:Real>
                            </gmd:maximumValue>
                            <gmd:verticalCRS gco:nilReason="missing"/>
                        </gmd:EX_VerticalExtent>
                    </gmd:verticalElement>
                </gmd:EX_Extent>
            </srv:extent>
            <srv:couplingType>
                <srv:SV_CouplingType
                    codeList="http://www.tc211.org/ISO19139/resources/codeList.xml#SV_CouplingType" codeListValue="tight">tight</srv:SV_CouplingType>
            </srv:couplingType>
            <srv:containsOperations>
                <srv:SV_OperationMetadata>
                    <srv:operationName>
                        <gco:CharacterString>SOS Get Capabilities</gco:CharacterString>
                    </srv:operationName>
                    <srv:DCP gco:nilReason="unknown"/>
                    <srv:connectPoint>
                        <gmd:CI_OnlineResource>
                            <gmd:linkage>
                                <gmd:URL>http://sdf.ndbc.noaa.gov/sos/server.php?request=GetCapabilities&amp;service=SOS</gmd:URL>
                            </gmd:linkage>
                            <gmd:name>
                                <gco:CharacterString>SOS</gco:CharacterString>
                            </gmd:name>
                            <gmd:description>
                                <gco:CharacterString>National Data Buoy Center SOS</gco:CharacterString>
                            </gmd:description>
                            <gmd:function>
                                <gmd:CI_OnLineFunctionCode
                                    codeList="http://www.ngdc.noaa.gov/metadata/published/xsd/schema/resources/Codelist/gmxCodelists.xml#CI_OnLineFunctionCode" codeListValue="download">download</gmd:CI_OnLineFunctionCode>
                            </gmd:function>
                        </gmd:CI_OnlineResource>
                    </srv:connectPoint>
                </srv:SV_OperationMetadata>
            </srv:containsOperations>
            <srv:containsOperations>
                <srv:SV_OperationMetadata>
                    <srv:operationName>
                        <gco:CharacterString>SOS Describe Sensor</gco:CharacterString>
                    </srv:operationName>
                    <srv:DCP gco:nilReason="unknown"/>
                    <srv:connectPoint>
                        <gmd:CI_OnlineResource>
                            <gmd:linkage>
                                <gmd:URL>http://sdf.ndbc.noaa.gov/sos/server.php?request=DescribeSensor&amp;service=SOS&amp;version=1.0.0&amp;outputformat=text/xml;subtype=%22sensorML/1.0.1%22&amp;procedure=urn:ioos:station:wmo:pilm4</gmd:URL>
                            </gmd:linkage>
                            <gmd:name>
                                <gco:CharacterString>SOS</gco:CharacterString>
                            </gmd:name>
                            <gmd:description>
                                <gco:CharacterString>National Data Buoy Center SOS</gco:CharacterString>
                            </gmd:description>
                            <gmd:function>
                                <gmd:CI_OnLineFunctionCode
                                    codeList="http://www.ngdc.noaa.gov/metadata/published/xsd/schema/resources/Codelist/gmxCodelists.xml#CI_OnLineFunctionCode" codeListValue="download">download</gmd:CI_OnLineFunctionCode>
                            </gmd:function>
                        </gmd:CI_OnlineResource>
                    </srv:connectPoint>
                </srv:SV_OperationMetadata>
            </srv:containsOperations>
            <srv:containsOperations>
                <srv:SV_OperationMetadata>
                    <srv:operationName>
                        <gco:CharacterString>SOS Get Observation</gco:CharacterString>
                    </srv:operationName>
                    <srv:DCP gco:nilReason="unknown"/>
                    <srv:connectPoint>
                        <gmd:CI_OnlineResource>
                            <gmd:linkage>
                                <gmd:URL>http://sdftest.ndbc.noaa.gov/sos/server.php?request=GetObservation&amp;version=1.0.0&amp;service=SOS&amp;observedProperty=air_temperature&amp;responseFormat=text%2Fxml%3Bsubtype%3D%22om%2F1.0.0%22&amp;eventtime=latest&amp;offering=urn:ioos:station:wmo:pilm4</gmd:URL>
                            </gmd:linkage>
                            <gmd:name>
                                <gco:CharacterString>SOS</gco:CharacterString>
                            </gmd:name>
                            <gmd:description>
                                <gco:CharacterString>National Data Buoy Center SOS</gco:CharacterString>
                            </gmd:description>
                            <gmd:function>
                                <gmd:CI_OnLineFunctionCode
                                    codeList="http://www.ngdc.noaa.gov/metadata/published/xsd/schema/resources/Codelist/gmxCodelists.xml#CI_OnLineFunctionCode" codeListValue="download">download</gmd:CI_OnLineFunctionCode>
                            </gmd:function>
                        </gmd:CI_OnlineResource>
                    </srv:connectPoint>
                </srv:SV_OperationMetadata>
            </srv:containsOperations>
        </srv:SV_ServiceIdentification>
    </gmd:identificationInfo>
    <gmd:contentInfo>
        <gmi:MI_CoverageDescription>
            <gmd:attributeDescription gco:nilReason="unknown"/>
            <gmd:contentType gco:nilReason="unknown"/>
            <gmd:dimension>
                <gmd:MD_Band>
                    <gmd:sequenceIdentifier>
                        <gco:MemberName>
                            <gco:aName>
                                <gco:CharacterString>air_temperature</gco:CharacterString>
                            </gco:aName>
                            <gco:attributeType gco:nilReason="unknown"/>
                        </gco:MemberName>
                    </gmd:sequenceIdentifier>
                    <gmd:descriptor>
                        <gco:CharacterString>http://mmisw.org/ont/cf/parameter/air_temperature</gco:CharacterString>
                    </gmd:descriptor>
                </gmd:MD_Band>
            </gmd:dimension>
            <gmd:dimension>
                <gmd:MD_Band>
                    <gmd:sequenceIdentifier>
                        <gco:MemberName>
                            <gco:aName>
                                <gco:CharacterString>air_pressure_at_sea_level</gco:CharacterString>
                            </gco:aName>
                            <gco:attributeType gco:nilReason="unknown"/>
                        </gco:MemberName>
                    </gmd:sequenceIdentifier>
                    <gmd:descriptor>
                        <gco:CharacterString>http://mmisw.org/ont/cf/parameter/air_pressure_at_sea_level</gco:CharacterString>
                    </gmd:descriptor>
                </gmd:MD_Band>
            </gmd:dimension>
          <gmd:dimension>
            <gmd:MD_Band>
              <gmd:sequenceIdentifier>
                <gco:MemberName>
                  <gco:aName>
                    <gco:CharacterString>relative_humidity</gco:CharacterString>
                  </gco:aName>
                  <gco:attributeType gco:nilReason="unknown"/>
                </gco:MemberName>
              </gmd:sequenceIdentifier>
              <gmd:descriptor>
                <gco:CharacterString>http://mmisw.org/ont/cf/parameter/winds</gco:CharacterString>
              </gmd:descriptor>
            </gmd:MD_Band>
          </gmd:dimension>
            <gmd:dimension>
                <gmd:MD_Band>
                    <gmd:sequenceIdentifier>
                        <gco:MemberName>
                            <gco:aName>
                                <gco:CharacterString>wind_speed</gco:CharacterString>
                            </gco:aName>
                            <gco:attributeType gco:nilReason="unknown"/>
                        </gco:MemberName>
                    </gmd:sequenceIdentifier>
                    <gmd:descriptor>
                        <gco:CharacterString>http://mmisw.org/ont/cf/parameter/winds</gco:CharacterString>
                    </gmd:descriptor>
                </gmd:MD_Band>
            </gmd:dimension>
          <gmd:dimension>
            <gmd:MD_Band>
              <gmd:sequenceIdentifier>
                <gco:MemberName>
                  <gco:aName>
                    <gco:CharacterString>wind_from_direction</gco:CharacterString>
                  </gco:aName>
                  <gco:attributeType gco:nilReason="unknown"/>
                </gco:MemberName>
              </gmd:sequenceIdentifier>
              <gmd:descriptor>
                <gco:CharacterString>http://mmisw.org/ont/cf/parameter/winds</gco:CharacterString>
              </gmd:descriptor>
            </gmd:MD_Band>
          </gmd:dimension>
          <gmd:dimension>
            <gmd:MD_Band>
              <gmd:sequenceIdentifier>
                <gco:MemberName>
                  <gco:aName>
                    <gco:CharacterString>wind_speed_of_gust</gco:CharacterString>
                  </gco:aName>
                  <gco:attributeType gco:nilReason="unknown"/>
                </gco:MemberName>
              </gmd:sequenceIdentifier>
              <gmd:descriptor>
                <gco:CharacterString>http://mmisw.org/ont/cf/parameter/winds</gco:CharacterString>
              </gmd:descriptor>
            </gmd:MD_Band>
          </gmd:dimension>
          <gmd:dimension>
            <gmd:MD_Band>
              <gmd:sequenceIdentifier>
                <gco:MemberName>
                  <gco:aName>
                    <gco:CharacterString>sea_surface_wave_significant_height</gco:CharacterString>
                  </gco:aName>
                  <gco:attributeType gco:nilReason="unknown"/>
                </gco:MemberName>
              </gmd:sequenceIdentifier>
              <gmd:descriptor>
                <gco:CharacterString>http://mmisw.org/ont/cf/parameter/winds</gco:CharacterString>
              </gmd:descriptor>
            </gmd:MD_Band>
          </gmd:dimension>
          <gmd:dimension>
            <gmd:MD_Band>
              <gmd:sequenceIdentifier>
                <gco:MemberName>
                  <gco:aName>
                    <gco:CharacterString>sea_surface_wind_wave_period</gco:CharacterString>
                  </gco:aName>
                  <gco:attributeType gco:nilReason="unknown"/>
                </gco:MemberName>
              </gmd:sequenceIdentifier>
              <gmd:descriptor>
                <gco:CharacterString>http://mmisw.org/ont/cf/parameter/winds</gco:CharacterString>
              </gmd:descriptor>
            </gmd:MD_Band>
          </gmd:dimension>
          <gmd:dimension>
            <gmd:MD_Band>
              <gmd:sequenceIdentifier>
                <gco:MemberName>
                  <gco:aName>
                    <gco:CharacterString>sea_water_temperature</gco:CharacterString>
                  </gco:aName>
                  <gco:attributeType gco:nilReason="unknown"/>
                </gco:MemberName>
              </gmd:sequenceIdentifier>
              <gmd:descriptor>
                <gco:CharacterString>http://mmisw.org/ont/cf/parameter/sea_water_temperature</gco:CharacterString>
              </gmd:descriptor>
            </gmd:MD_Band>
          </gmd:dimension>
          
        </gmi:MI_CoverageDescription>
    </gmd:contentInfo>
</gmi:MI_Metadata>
