--
-- PostgreSQL database dump
--

-- Dumped from database version 9.1.7
-- Dumped by pg_dump version 9.1.7
-- Started on 2013-01-18 15:44:05 EST

SET statement_timeout = 0;
SET client_encoding = 'UTF8';
SET standard_conforming_strings = on;
SET check_function_bodies = false;
SET client_min_messages = warning;

--
-- TOC entry 176 (class 3079 OID 11681)
-- Name: plpgsql; Type: EXTENSION; Schema: -; Owner: 
--

CREATE EXTENSION IF NOT EXISTS plpgsql WITH SCHEMA pg_catalog;


--
-- TOC entry 1991 (class 0 OID 0)
-- Dependencies: 176
-- Name: EXTENSION plpgsql; Type: COMMENT; Schema: -; Owner: 
--

COMMENT ON EXTENSION plpgsql IS 'PL/pgSQL procedural language';


SET search_path = public, pg_catalog;

--
-- TOC entry 173 (class 1259 OID 16618)
-- Dependencies: 5
-- Name: network_id_seq; Type: SEQUENCE; Schema: public; Owner: sensoruser
--

CREATE SEQUENCE network_id_seq
    START WITH 1
    INCREMENT BY 1
    NO MINVALUE
    NO MAXVALUE
    CACHE 1;


ALTER TABLE public.network_id_seq OWNER TO sensoruser;

SET default_tablespace = '';

SET default_with_oids = false;

--
-- TOC entry 172 (class 1259 OID 16615)
-- Dependencies: 1943 5
-- Name: network; Type: TABLE; Schema: public; Owner: sensoruser; Tablespace: 
--

CREATE TABLE network (
    id integer DEFAULT nextval('network_id_seq'::regclass) NOT NULL,
    description character varying(255),
    tag character varying(255),
    source_tag character varying(255),
    short_name character varying(255),
    long_name character varying(255)
);


ALTER TABLE public.network OWNER TO sensoruser;

--
-- TOC entry 175 (class 1259 OID 16630)
-- Dependencies: 5
-- Name: network_source; Type: TABLE; Schema: public; Owner: sensoruser; Tablespace: 
--

CREATE TABLE network_source (
    network_id integer NOT NULL,
    source_id integer NOT NULL
);


ALTER TABLE public.network_source OWNER TO sensoruser;

--
-- TOC entry 174 (class 1259 OID 16627)
-- Dependencies: 5
-- Name: network_station; Type: TABLE; Schema: public; Owner: sensoruser; Tablespace: 
--

CREATE TABLE network_station (
    network_id integer NOT NULL,
    station_id integer NOT NULL
);


ALTER TABLE public.network_station OWNER TO sensoruser;

--
-- TOC entry 161 (class 1259 OID 16385)
-- Dependencies: 5
-- Name: observed_property; Type: TABLE; Schema: public; Owner: sensoruser; Tablespace: 
--

CREATE TABLE observed_property (
    id integer NOT NULL,
    source_id integer,
    phenomenon_id integer,
    foreign_tag character varying(255),
    foreign_units character varying(255),
    depth numeric
);


ALTER TABLE public.observed_property OWNER TO sensoruser;

--
-- TOC entry 162 (class 1259 OID 16391)
-- Dependencies: 161 5
-- Name: observed_property_id_seq; Type: SEQUENCE; Schema: public; Owner: sensoruser
--

CREATE SEQUENCE observed_property_id_seq
    START WITH 1
    INCREMENT BY 1
    NO MINVALUE
    NO MAXVALUE
    CACHE 1;


ALTER TABLE public.observed_property_id_seq OWNER TO sensoruser;

--
-- TOC entry 1992 (class 0 OID 0)
-- Dependencies: 162
-- Name: observed_property_id_seq; Type: SEQUENCE OWNED BY; Schema: public; Owner: sensoruser
--

ALTER SEQUENCE observed_property_id_seq OWNED BY observed_property.id;


--
-- TOC entry 163 (class 1259 OID 16393)
-- Dependencies: 5
-- Name: phenomenon; Type: TABLE; Schema: public; Owner: sensoruser; Tablespace: 
--

CREATE TABLE phenomenon (
    id integer NOT NULL,
    tag character varying(255)
);


ALTER TABLE public.phenomenon OWNER TO sensoruser;

--
-- TOC entry 164 (class 1259 OID 16399)
-- Dependencies: 5 163
-- Name: phenomenon_id_seq; Type: SEQUENCE; Schema: public; Owner: sensoruser
--

CREATE SEQUENCE phenomenon_id_seq
    START WITH 1
    INCREMENT BY 1
    NO MINVALUE
    NO MAXVALUE
    CACHE 1;


ALTER TABLE public.phenomenon_id_seq OWNER TO sensoruser;

--
-- TOC entry 1993 (class 0 OID 0)
-- Dependencies: 164
-- Name: phenomenon_id_seq; Type: SEQUENCE OWNED BY; Schema: public; Owner: sensoruser
--

ALTER SEQUENCE phenomenon_id_seq OWNED BY phenomenon.id;


--
-- TOC entry 165 (class 1259 OID 16401)
-- Dependencies: 1938 5
-- Name: sensor; Type: TABLE; Schema: public; Owner: sensoruser; Tablespace: 
--

CREATE TABLE sensor (
    station_id integer NOT NULL,
    id integer NOT NULL,
    tag character varying(255),
    description character varying(255),
    active boolean DEFAULT true NOT NULL
);


ALTER TABLE public.sensor OWNER TO sensoruser;

--
-- TOC entry 166 (class 1259 OID 16408)
-- Dependencies: 165 5
-- Name: sensor_id_seq; Type: SEQUENCE; Schema: public; Owner: sensoruser
--

CREATE SEQUENCE sensor_id_seq
    START WITH 1
    INCREMENT BY 1
    NO MINVALUE
    NO MAXVALUE
    CACHE 1;


ALTER TABLE public.sensor_id_seq OWNER TO sensoruser;

--
-- TOC entry 1994 (class 0 OID 0)
-- Dependencies: 166
-- Name: sensor_id_seq; Type: SEQUENCE OWNED BY; Schema: public; Owner: sensoruser
--

ALTER SEQUENCE sensor_id_seq OWNED BY sensor.id;


--
-- TOC entry 167 (class 1259 OID 16410)
-- Dependencies: 5
-- Name: sensor_phenomenon; Type: TABLE; Schema: public; Owner: sensoruser; Tablespace: 
--

CREATE TABLE sensor_phenomenon (
    sensor_id integer NOT NULL,
    phenomenon_id integer NOT NULL
);


ALTER TABLE public.sensor_phenomenon OWNER TO sensoruser;

--
-- TOC entry 168 (class 1259 OID 16413)
-- Dependencies: 5
-- Name: source; Type: TABLE; Schema: public; Owner: sensoruser; Tablespace: 
--

CREATE TABLE source (
    id integer NOT NULL,
    name character varying(255),
    tag character varying(255),
    country character varying(255),
    email character varying(255),
    web_address character varying(255),
    operator_sector character varying(255),
    address character varying(255),
    city character varying(255),
    state character varying(255),
    zipcode character varying(255)
);


ALTER TABLE public.source OWNER TO sensoruser;

--
-- TOC entry 169 (class 1259 OID 16419)
-- Dependencies: 5 168
-- Name: source_id_seq; Type: SEQUENCE; Schema: public; Owner: sensoruser
--

CREATE SEQUENCE source_id_seq
    START WITH 1
    INCREMENT BY 1
    NO MINVALUE
    NO MAXVALUE
    CACHE 1;


ALTER TABLE public.source_id_seq OWNER TO sensoruser;

--
-- TOC entry 1995 (class 0 OID 0)
-- Dependencies: 169
-- Name: source_id_seq; Type: SEQUENCE OWNED BY; Schema: public; Owner: sensoruser
--

ALTER SEQUENCE source_id_seq OWNED BY source.id;


--
-- TOC entry 170 (class 1259 OID 16421)
-- Dependencies: 1941 5
-- Name: station; Type: TABLE; Schema: public; Owner: sensoruser; Tablespace: 
--

CREATE TABLE station (
    id integer NOT NULL,
    name character varying(255),
    source_id integer,
    latitude numeric,
    longitude numeric,
    foreign_tag character varying(255),
    tag character varying(255),
    description character varying(255),
    platform_type character varying(255),
    active boolean DEFAULT true NOT NULL
);


ALTER TABLE public.station OWNER TO sensoruser;

--
-- TOC entry 171 (class 1259 OID 16428)
-- Dependencies: 5 170
-- Name: station_id_seq; Type: SEQUENCE; Schema: public; Owner: sensoruser
--

CREATE SEQUENCE station_id_seq
    START WITH 1
    INCREMENT BY 1
    NO MINVALUE
    NO MAXVALUE
    CACHE 1;


ALTER TABLE public.station_id_seq OWNER TO sensoruser;

--
-- TOC entry 1996 (class 0 OID 0)
-- Dependencies: 171
-- Name: station_id_seq; Type: SEQUENCE OWNED BY; Schema: public; Owner: sensoruser
--

ALTER SEQUENCE station_id_seq OWNED BY station.id;


--
-- TOC entry 1936 (class 2604 OID 16430)
-- Dependencies: 162 161
-- Name: id; Type: DEFAULT; Schema: public; Owner: sensoruser
--

ALTER TABLE ONLY observed_property ALTER COLUMN id SET DEFAULT nextval('observed_property_id_seq'::regclass);


--
-- TOC entry 1937 (class 2604 OID 16431)
-- Dependencies: 164 163
-- Name: id; Type: DEFAULT; Schema: public; Owner: sensoruser
--

ALTER TABLE ONLY phenomenon ALTER COLUMN id SET DEFAULT nextval('phenomenon_id_seq'::regclass);


--
-- TOC entry 1939 (class 2604 OID 16432)
-- Dependencies: 166 165
-- Name: id; Type: DEFAULT; Schema: public; Owner: sensoruser
--

ALTER TABLE ONLY sensor ALTER COLUMN id SET DEFAULT nextval('sensor_id_seq'::regclass);


--
-- TOC entry 1940 (class 2604 OID 16433)
-- Dependencies: 169 168
-- Name: id; Type: DEFAULT; Schema: public; Owner: sensoruser
--

ALTER TABLE ONLY source ALTER COLUMN id SET DEFAULT nextval('source_id_seq'::regclass);


--
-- TOC entry 1942 (class 2604 OID 16434)
-- Dependencies: 171 170
-- Name: id; Type: DEFAULT; Schema: public; Owner: sensoruser
--

ALTER TABLE ONLY station ALTER COLUMN id SET DEFAULT nextval('station_id_seq'::regclass);


--
-- TOC entry 1981 (class 0 OID 16615)
-- Dependencies: 172 1985
-- Data for Name: network; Type: TABLE DATA; Schema: public; Owner: sensoruser
--

COPY network (id, description, tag, source_tag, short_name, long_name) FROM stdin;
7	A network of all the NOAA Weather stations	all	gov.noaa.nws	NOAA Weather	NOAA Weather stations
8	A network of all the NERRS stations	all	cdmo.nerrs	NERRS	NERRS stations
1	A network of all the RAWS stations	all	edu.dri.raws	RAWS	RAWS stations
2	A network of all the NOAA NOS CO-OPS stations	all	NOAA.NOS.CO-OPS	NOAA NOS CO-OPS	NOAA NOS CO-OPS stations
3	A network of all the HADS stations	all	gov.noaa.nws.hads	HADS	HADS stations
4	A network of all the NDBC stations	all	NDBC	NDBC	NDBC stations
5	A network of all the SnoTel stations	all	gov.usda.nrcs.wcc.snotel	Snotel	Snotel stations
6	A network of all the USGS Water stations	all	gov.usgs.waterdata	USGS Water	USGS Water stations
\.


--
-- TOC entry 1997 (class 0 OID 0)
-- Dependencies: 173
-- Name: network_id_seq; Type: SEQUENCE SET; Schema: public; Owner: sensoruser
--

SELECT pg_catalog.setval('network_id_seq', 8, true);


--
-- TOC entry 1984 (class 0 OID 16630)
-- Dependencies: 175 1985
-- Data for Name: network_source; Type: TABLE DATA; Schema: public; Owner: sensoruser
--

COPY network_source (network_id, source_id) FROM stdin;
3	3
1	1
2	2
4	4
5	5
6	6
7	7
8	8
\.


--
-- TOC entry 1983 (class 0 OID 16627)
-- Dependencies: 174 1985
-- Data for Name: network_station; Type: TABLE DATA; Schema: public; Owner: sensoruser
--

COPY network_station (network_id, station_id) FROM stdin;
\.


--
-- TOC entry 1970 (class 0 OID 16385)
-- Dependencies: 161 1985
-- Data for Name: observed_property; Type: TABLE DATA; Schema: public; Owner: sensoruser
--

COPY observed_property (id, source_id, phenomenon_id, foreign_tag, foreign_units, depth) FROM stdin;
\.


--
-- TOC entry 1998 (class 0 OID 0)
-- Dependencies: 162
-- Name: observed_property_id_seq; Type: SEQUENCE SET; Schema: public; Owner: sensoruser
--

SELECT pg_catalog.setval('observed_property_id_seq', 3690, true);


--
-- TOC entry 1972 (class 0 OID 16393)
-- Dependencies: 163 1985
-- Data for Name: phenomenon; Type: TABLE DATA; Schema: public; Owner: sensoruser
--

COPY phenomenon (id, tag) FROM stdin;
3	altitude
6	radial_sea_water_velocity_away_from_instrument
7	direction_of_sea_water_velocity
8	sea_water_speed
9	dew_point_temperature
10	water_volume_transport_into_sea_water_from_rivers
11	grid_latitude
12	grid_longitude
13	phycoerythrin
15	relative_humidity
18	visibility_in_air
19	sea_floor_depth_below_sea_surface
20	sea_water_temperature
21	wind_from_direction
26	sea_surface_wave_significant_height
25	sea_surface_swell_wave_period
24	sea_surface_wind_wave_period
23	wind_speed
22	wind_speed_of_gust
46	wind_gust_from_direction
45	wind_vertical_velocity
44	water_temperature_intragravel
42	relative_humidity_average
41	relative_humidity_minimum
40	relative_humidity_maximum
38	precipitation_increment
37	air_temperature_minimum
36	air_temperature_maximum
35	air_temperature_average
32	sea_surface_height_above_sea_level
31	product_of_air_temperature_and_specific_humidity
29	sea_surface_wave_from_direction
28	sea_surface_maximum_wave_height
1	air_pressure
2	air_temperature
5	sea_water_electrical_conductivity
81	webcam
78	depth_to_water_level
76	soil_moisture_percent
74	fuel_temperature
73	fuel_moisture
71	panel_temperature
70	wind_generator_current
17	turbidity
39	precipitation_accumulated
34	mass_concentration_of_oxygen_in_sea_water
33	sea_water_ph_reported_on_total_scale
30	wave_directional_spread
16	sea_water_practical_salinity
79	water_surface_height_above_reference_datum
77	soil_temperature
69	photosynthetically_active_radiation
80	height
75	river_discharge
72	relative_permittivity
43	sea_surface_height_amplitude_due_to_geocentric_ocean_tide
66	snow_water_equivalent
65	snow_depth
64	snow_pillow
63	mass_concentration_of_carbon_dioxide_in_air
62	mass_concentration_of_carbon_dioxide_in_sea_water
60	solar_radiation_minimum
59	solar_radiation_maximum
58	solar_radiation
57	solar_radiation_average
53	sea_surface_dominant_wave_period
47	sea_surface_wave_mean_period
14	lwe_thickness_of_precipitation_amount
61	fractional_saturation_of_oxygen_in_sea_water
68	toa_incoming_shortwave_flux
67	toa_outgoing_shortwave_flux
55	battery_voltage_maximum
56	battery_voltage_minimum
54	battery_voltage
51	sea_surface_swell_wave_to_direction
50	sea_surface_wind_wave_to_direction
49	sea_surface_wind_wave_significant_height
48	sea_surface_swell_wave_significant_height
88	mass_concentration_of_chlorophyll_in_sea_water
84	ammonium
86	nitrate
85	nitrite
87	nitrite_plus_nitrate
83	phosphate
82	chlorophyll_flourescence
52	sea_surface_dominant_wave_to_direction
\.


--
-- TOC entry 1999 (class 0 OID 0)
-- Dependencies: 164
-- Name: phenomenon_id_seq; Type: SEQUENCE SET; Schema: public; Owner: sensoruser
--

SELECT pg_catalog.setval('phenomenon_id_seq', 88, true);


--
-- TOC entry 1974 (class 0 OID 16401)
-- Dependencies: 165 1985
-- Data for Name: sensor; Type: TABLE DATA; Schema: public; Owner: sensoruser
--

COPY sensor (station_id, id, tag, description, active) FROM stdin;
\.


--
-- TOC entry 2000 (class 0 OID 0)
-- Dependencies: 166
-- Name: sensor_id_seq; Type: SEQUENCE SET; Schema: public; Owner: sensoruser
--

SELECT pg_catalog.setval('sensor_id_seq', 548595, true);


--
-- TOC entry 1976 (class 0 OID 16410)
-- Dependencies: 167 1985
-- Data for Name: sensor_phenomenon; Type: TABLE DATA; Schema: public; Owner: sensoruser
--

COPY sensor_phenomenon (sensor_id, phenomenon_id) FROM stdin;
\.


--
-- TOC entry 1977 (class 0 OID 16413)
-- Dependencies: 168 1985
-- Data for Name: source; Type: TABLE DATA; Schema: public; Owner: sensoruser
--

COPY source (id, name, tag, country, email, web_address, operator_sector, address, city, state, zipcode) FROM stdin;
1	RAWS	edu.dri.raws	USA	wrcc@dri.edu	http://www.raws.dri.edu/	academic	2215 Raggio Parkway	Reno	NV	89512-1095
6	USGS Water	gov.usgs.waterdata	USA	MAPSManager@alaskageographic.org	http://waterdata.usgs.gov/nwis	gov_federal\n	12201 Sunrise Valley Drive	Reston	VA	20192
5	SnoTel	gov.usda.nrcs.wcc.snotel	USA	tony.tolsdorf@por.usda.gov	http://www.wcc.nrcs.usda.gov/snow/	gov_federal\n	1201 NE Lloyd Blvd., Suite 802	Portland	OR	97232-1274
7	NOAA Weather	gov.noaa.nws	USA	w-nws.webmaster@noaa.gov	http://www.weather.gov/	gov_federal\n	1325 East West Highway	Silver Spring	MD	20910
8	NERRS	cdmo.nerrs	USA	Laurie.Mcgilvray@noaa.gov	http://www.nerrs.noaa.gov/	gov_federal\n	1305 East West Highway 	Silver Spring	MD	20910
3	HADS	gov.noaa.nws.hads	USA	HDSC.questions@noaa.gov	http://dipper.nws.noaa.gov/hdsc/pfds/	gov_federal\n	1325 East West Highway	Silver Spring	MD	20910
2	NOAA NOS CO-OPS	NOAA.NOS.CO-OPS	USA	None	http://co-ops.nos.noaa.gov/	gov_federal\n	1305 East-West Highway	Silver Spring	MD	20910-3281
4	NDBC	wmo	USA	webmaster.ndbc@noaa.gov	http://www.ndbc.noaa.gov/	gov_federal\n	Bldg. 3205	Stennis Space Center	MS	39529
\.


--
-- TOC entry 2001 (class 0 OID 0)
-- Dependencies: 169
-- Name: source_id_seq; Type: SEQUENCE SET; Schema: public; Owner: sensoruser
--

SELECT pg_catalog.setval('source_id_seq', 5, true);


--
-- TOC entry 1979 (class 0 OID 16421)
-- Dependencies: 170 1985
-- Data for Name: station; Type: TABLE DATA; Schema: public; Owner: sensoruser
--

COPY station (id, name, source_id, latitude, longitude, foreign_tag, tag, description, platform_type, active) FROM stdin;
\.


--
-- TOC entry 2002 (class 0 OID 0)
-- Dependencies: 171
-- Name: station_id_seq; Type: SEQUENCE SET; Schema: public; Owner: sensoruser
--

SELECT pg_catalog.setval('station_id_seq', 123437, true);


--
-- TOC entry 1957 (class 2606 OID 16634)
-- Dependencies: 172 172 1986
-- Name: network_pkey; Type: CONSTRAINT; Schema: public; Owner: sensoruser; Tablespace: 
--

ALTER TABLE ONLY network
    ADD CONSTRAINT network_pkey PRIMARY KEY (id);


--
-- TOC entry 1961 (class 2606 OID 16636)
-- Dependencies: 175 175 175 1986
-- Name: network_source_pkey; Type: CONSTRAINT; Schema: public; Owner: sensoruser; Tablespace: 
--

ALTER TABLE ONLY network_source
    ADD CONSTRAINT network_source_pkey PRIMARY KEY (network_id, source_id);


--
-- TOC entry 1959 (class 2606 OID 16648)
-- Dependencies: 174 174 174 1986
-- Name: network_station_pkey; Type: CONSTRAINT; Schema: public; Owner: sensoruser; Tablespace: 
--

ALTER TABLE ONLY network_station
    ADD CONSTRAINT network_station_pkey PRIMARY KEY (network_id, station_id);


--
-- TOC entry 1945 (class 2606 OID 16436)
-- Dependencies: 161 161 1986
-- Name: observed_type_pkey; Type: CONSTRAINT; Schema: public; Owner: sensoruser; Tablespace: 
--

ALTER TABLE ONLY observed_property
    ADD CONSTRAINT observed_type_pkey PRIMARY KEY (id);


--
-- TOC entry 1947 (class 2606 OID 16438)
-- Dependencies: 163 163 1986
-- Name: phenomenon_pkey; Type: CONSTRAINT; Schema: public; Owner: sensoruser; Tablespace: 
--

ALTER TABLE ONLY phenomenon
    ADD CONSTRAINT phenomenon_pkey PRIMARY KEY (id);


--
-- TOC entry 1951 (class 2606 OID 16440)
-- Dependencies: 167 167 167 1986
-- Name: sensor_phenomenon_pkey; Type: CONSTRAINT; Schema: public; Owner: sensoruser; Tablespace: 
--

ALTER TABLE ONLY sensor_phenomenon
    ADD CONSTRAINT sensor_phenomenon_pkey PRIMARY KEY (sensor_id, phenomenon_id);


--
-- TOC entry 1949 (class 2606 OID 16442)
-- Dependencies: 165 165 1986
-- Name: sensor_pkey; Type: CONSTRAINT; Schema: public; Owner: sensoruser; Tablespace: 
--

ALTER TABLE ONLY sensor
    ADD CONSTRAINT sensor_pkey PRIMARY KEY (id);


--
-- TOC entry 1953 (class 2606 OID 16444)
-- Dependencies: 168 168 1986
-- Name: source_pkey; Type: CONSTRAINT; Schema: public; Owner: sensoruser; Tablespace: 
--

ALTER TABLE ONLY source
    ADD CONSTRAINT source_pkey PRIMARY KEY (id);


--
-- TOC entry 1955 (class 2606 OID 16446)
-- Dependencies: 170 170 1986
-- Name: station_pkey; Type: CONSTRAINT; Schema: public; Owner: sensoruser; Tablespace: 
--

ALTER TABLE ONLY station
    ADD CONSTRAINT station_pkey PRIMARY KEY (id);


--
-- TOC entry 1968 (class 2606 OID 16637)
-- Dependencies: 1956 175 172 1986
-- Name: network_source_network_id_fkey; Type: FK CONSTRAINT; Schema: public; Owner: sensoruser
--

ALTER TABLE ONLY network_source
    ADD CONSTRAINT network_source_network_id_fkey FOREIGN KEY (network_id) REFERENCES network(id);


--
-- TOC entry 1969 (class 2606 OID 16642)
-- Dependencies: 168 1952 175 1986
-- Name: network_source_source_id_fkey; Type: FK CONSTRAINT; Schema: public; Owner: sensoruser
--

ALTER TABLE ONLY network_source
    ADD CONSTRAINT network_source_source_id_fkey FOREIGN KEY (source_id) REFERENCES source(id);


--
-- TOC entry 1966 (class 2606 OID 16649)
-- Dependencies: 1956 174 172 1986
-- Name: network_station_network_id_fkey; Type: FK CONSTRAINT; Schema: public; Owner: sensoruser
--

ALTER TABLE ONLY network_station
    ADD CONSTRAINT network_station_network_id_fkey FOREIGN KEY (network_id) REFERENCES network(id);


--
-- TOC entry 1967 (class 2606 OID 16654)
-- Dependencies: 1954 170 174 1986
-- Name: network_station_station_id_fkey; Type: FK CONSTRAINT; Schema: public; Owner: sensoruser
--

ALTER TABLE ONLY network_station
    ADD CONSTRAINT network_station_station_id_fkey FOREIGN KEY (station_id) REFERENCES station(id);


--
-- TOC entry 1962 (class 2606 OID 16491)
-- Dependencies: 161 1946 163 1986
-- Name: observed_type_phenomenon_id_fkey; Type: FK CONSTRAINT; Schema: public; Owner: sensoruser
--

ALTER TABLE ONLY observed_property
    ADD CONSTRAINT observed_type_phenomenon_id_fkey FOREIGN KEY (phenomenon_id) REFERENCES phenomenon(id) ON UPDATE CASCADE ON DELETE CASCADE;


--
-- TOC entry 1963 (class 2606 OID 16496)
-- Dependencies: 161 168 1952 1986
-- Name: observed_type_source_id_fkey; Type: FK CONSTRAINT; Schema: public; Owner: sensoruser
--

ALTER TABLE ONLY observed_property
    ADD CONSTRAINT observed_type_source_id_fkey FOREIGN KEY (source_id) REFERENCES source(id) ON UPDATE CASCADE ON DELETE CASCADE;


--
-- TOC entry 1964 (class 2606 OID 16505)
-- Dependencies: 1954 170 165 1986
-- Name: sensor_station_id_fkey; Type: FK CONSTRAINT; Schema: public; Owner: sensoruser
--

ALTER TABLE ONLY sensor
    ADD CONSTRAINT sensor_station_id_fkey FOREIGN KEY (station_id) REFERENCES station(id) ON UPDATE CASCADE ON DELETE CASCADE;


--
-- TOC entry 1965 (class 2606 OID 16514)
-- Dependencies: 1952 168 170 1986
-- Name: station_source_id_fkey; Type: FK CONSTRAINT; Schema: public; Owner: sensoruser
--

ALTER TABLE ONLY station
    ADD CONSTRAINT station_source_id_fkey FOREIGN KEY (source_id) REFERENCES source(id);


-- Completed on 2013-01-18 15:44:06 EST

--
-- PostgreSQL database dump complete
--

